{"algorithms":["RSA+DES","RSA+AES","RSA+TripleDES","RSA+Blowfish"],"times":{"RSA+DES":0.004987001419067383,"RSA+AES":0.004300117492675781,"RSA+TripleDES":0.003232240676879883,"RSA+Blowfish":0.0052831172943115234},"memories":{"RSA+DES":173464,"RSA+AES":544,"RSA+TripleDES":520,"RSA+Blowfish":66856}}