{"algorithms":["RSA+DES","RSA+AES","RSA+TripleDES","RSA+Blowfish"],"times":{"RSA+DES":0.007287025451660156,"RSA+AES":0.0032501220703125,"RSA+TripleDES":0.004606008529663086,"RSA+Blowfish":0.00553131103515625},"memories":{"RSA+DES":173464,"RSA+AES":544,"RSA+TripleDES":520,"RSA+Blowfish":66856}}